VID	CID	ref_count	alt_count
1	185	0	2
1	231	6	0
1	916	0	2
2	185	2	0
2	231	7	0
2	916	0	2
3	213	1	0
3	231	0	4
4	213	0	1
4	916	1	0
5	213	0	1
5	916	1	0
6	213	0	1
6	916	1	0
7	213	0	1
7	916	1	0
8	185	1	1
8	213	3	0
8	231	1	0
8	916	1	0
9	185	1	0
9	213	3	0
9	231	0	1
9	916	1	0
10	85	0	12
10	185	0	6
10	213	0	7
10	231	0	7
10	916	0	5
11	85	0	11
11	185	0	4
11	213	0	7
11	231	0	7
11	916	0	7
12	85	0	26
12	185	0	17
12	213	0	8
12	231	0	10
12	916	0	30
13	231	0	1
14	85	0	1
14	185	1	0
14	231	0	1
15	85	1	0
15	185	2	0
15	231	0	1
16	85	1	0
16	185	2	0
16	231	0	1
17	85	1	0
17	185	0	1
