	CID	alt_count	VID	barcode	cluster	tSNE_1	tSNE_2	Gene_Counts
0	1	2.0	[189, 194]	AAACATCGAAACATCGCCTCTATC	1	-13.115079104195699	-16.3938413442029	2227
3	4	2.0	[194, 225]	AAACATCGACGTATCAAGAGTCAA	1	-17.2405509512317	-9.58486363185642	2454
4	5	3.0	[194, 195, 214]	AAACATCGATGCCTAAAGTCACTA	4	-6.312338659492969	15.6323557309553	1384
5	6	3.0	[194, 195, 214]	AAACATCGCAAGGAGCCATCAAGT	5	5.23383980122655	26.6677560190516	3110
6	7	2.0	[194, 195]	AAACATCGTCTTCACAGATGAATC	3	4.679266398739481	2.6796815490681203	3830
7	8	3.0	[194, 195, 214]	AACAACCAACGCTCGACGCATACA	3	3.5677579372697097	10.6242834013923	3119
8	9	3.0	[194, 195, 214]	AACAACCAAGAGTCAACGCATACA	4	-1.2714007583183502	14.370845389894303	3068
9	10	3.0	[40, 83, 194]	AACAACCAAGATCGCATTCACGCA	1	-8.216506650053299	-16.715970795182	3041
10	11	3.0	[194, 195, 214]	AACAACCACACCTTACACAGATTC	4	-1.78755923914277	18.459250901438104	1835
11	12	4.0	[39, 194, 195, 214]	AACAACCACTAAGGTCCAACCACA	2	8.617899533387611	0.640176918880361	4068
16	17	1.0	[194]	AACAACCATAGGATGAACGTATCA	1	-16.2846571484247	-0.761078156320319	1382
17	18	3.0	[194, 195, 214]	AACAACCATCTTCACAACAGCAGA	4	1.0125831113731298	17.2603825254685	2230
19	20	3.0	[194, 195, 214]	AACCGAGAACCACTGTAACTCACC	4	1.01902303373877	14.1217041292661	2996
20	21	2.0	[180, 194]	AACCGAGAAGGCTAACACCTCCAA	1	-13.6096296034045	-3.1507243762566	1357
21	22	4.0	[173, 194, 195, 214]	AACCGAGAAGTGGTCACAGCGTTA	3	6.44001300136978	6.34207028253749	3612
22	23	3.0	[24, 141, 194]	AACCGAGAATCCTGTAAAGGTACA	1	-21.1574918029412	-9.25331588627467	1812
23	24	3.0	[194, 195, 214]	AACCGAGACCAGTTCACCGAAGTA	4	-5.26010431924458	17.3488685154991	1625
24	25	3.0	[109, 160, 194]	AACCGAGACGCTGATCCAACCACA	1	-17.1012486711319	-15.996373446498001	2553
25	26	2.0	[94, 194]	AACCGAGAGCCACATACGACACAC	1	-15.925780365446	-7.817162038831411	2160
26	27	1.0	[194]	AACCGAGAGCTAACGAAGAGTCAA	1	-11.300846986225901	-16.2136294543976	2681
28	29	3.0	[194, 195, 214]	AACGCTTAACGTATCAAGATGTAC	3	1.22419326616605	12.5499175494073	3224
30	31	1.0	[194]	AACGCTTACCAGTTCACATACCAA	1	-17.071201126668697	-4.074967588832259	1810
31	32	1.0	[213]	AACGCTTACCGAAGTAAACAACCA	1	-12.083173727328901	2.3546367470447795	2254
33	34	3.0	[194, 195, 214]	AACGCTTACGCTGATCTGGTGGTA	5	0.397995869518276	28.400993356085802	2110
34	35	3.0	[194, 195, 214]	AACGCTTAGAATCTGAAACGTGAT	4	-5.29710264193351	17.2065107143714	1694
35	36	4.0	[48, 194, 195, 214]	AACGTGATAAGGTACACATACCAA	5	4.94770567664614	27.8552154583715	3288
37	38	1.0	[194]	AACGTGATAGATCGCAACATTGGC	1	-17.8255971021218	-5.00569883846154	1719
38	39	2.0	[83, 194]	AACGTGATAGATCGCACGGATTGC	1	-17.447523642019902	-14.3138127465097	2195
39	40	4.0	[48, 194, 195, 214]	AACGTGATCATCAAGTGATGAATC	3	0.125168329898303	10.1129978453753	3298
40	41	2.0	[83, 194]	AACGTGATCCTAATCCAATGTTGC	1	-15.4380643051604	-7.13914087231708	2003
41	42	3.0	[194, 195, 214]	AACGTGATCGCTGATCTTCACGCA	3	9.76932798781556	16.580514350276403	3447
42	43	1.0	[194]	AACGTGATGCTAACGAACCTCCAA	1	-20.9669242186561	-3.56141638249471	1576
43	44	1.0	[194]	AACTCACCAAGGACACGACAGTGC	1	-12.7049157968289	-12.299184936350901	1657
44	45	3.0	[194, 195, 214]	AACTCACCACCTCCAAGATAGACA	4	-1.08111498332646	12.312458280838099	2665
45	46	3.0	[194, 235, 245]	AACTCACCAGTACAAGCAGCGTTA	1	-22.5571107304954	-2.2866648290789597	1912
46	47	5.0	[34, 48, 97, 195, 214]	AACTCACCATTGAGGACTGGCATA	3	4.19172682990093	1.50445535614674	4189
49	50	5.0	[33, 128, 194, 195, 214]	AACTCACCGCCACATAAGAGTCAA	3	5.2913771242000704	1.94806328650482	4005
50	51	3.0	[194, 195, 214]	AACTCACCGCTAACGAACCTCCAA	4	0.954388468431994	16.9795334069219	2480
52	53	3.0	[194, 195, 214]	AACTCACCGGTGCGAAATAGCGAC	3	0.611253721097027	9.174856610022891	3299
53	54	2.0	[32, 194]	AACTCACCTATCAGCAAGCAGGAA	1	-13.0642756906143	-18.7867421271498	2669
54	55	2.0	[83, 194]	AACTCACCTTCACGCAGCCACATA	1	-19.695510245662	-2.3332211678501604	1720
55	56	2.0	[50, 194]	AAGACGGAAACCGAGACAATGGAA	1	-13.5202069241765	-4.2739754473229405	1491
56	57	2.0	[194, 195]	AAGACGGAAAGAGATCCACTTCGA	3	5.3466723516831	22.787422908750802	3429
57	58	2.0	[83, 194]	AAGACGGAACACGACCGATGAATC	1	-20.0560955849736	-6.6404739039952805	1865
58	59	1.0	[194]	AAGACGGAAGGCTAACACAAGCTA	1	-17.438615171991	-17.4328018060776	1701
59	60	2.0	[35, 256]	AAGACGGACAAGGAGCAGGCTAAC	2	7.66659903965793	-6.26382654649084	936
60	61	4.0	[54, 194, 195, 214]	AAGACGGACAGCGTTAAATGTTGC	5	-1.3095329386219	25.588443609372803	2354
64	65	1.0	[194]	AAGACGGAGCTCGGTAACGTATCA	1	-6.5778918664445305	-7.08323984338188	1648
65	66	5.0	[48, 90, 107, 155, 194]	AAGACGGATCCGTCTACCGAAGTA	1	-14.993197318054198	-6.4163256111576406	1790
66	67	4.0	[48, 194, 195, 214]	AAGACGGATGGCTTCAATCCTGTA	4	-1.3927218827140502	11.0935704469438	2826
67	68	1.0	[194]	AAGAGATCAATGTTGCGCTCGGTA	1	-12.996736653070199	-3.6698896526428597	1354
68	69	2.0	[71, 194]	AAGAGATCACCTCCAAGTGTTCTA	1	-13.0594277243401	-5.64906356448387	1629
69	70	1.0	[160]	AAGAGATCACGTATCAACAAGCTA	5	4.4478198026728	25.517472944061602	3092
70	71	2.0	[83, 194]	AAGAGATCACGTATCAGATGAATC	1	-11.4054935950122	-17.0223271487135	2712
71	72	2.0	[181, 194]	AAGAGATCAGAGTCAATGGAACAA	1	-11.8000811244118	-3.81810992179667	1311
73	74	2.0	[83, 194]	AAGAGATCGTGTTCTAGTCTGTCA	1	-19.7079633763748	-4.41232953520148	1617
74	75	1.0	[194]	AAGGACACAATCCGTCGCCAAGAC	1	-13.4673989977412	-6.428792630798321	1179
75	76	4.0	[171, 194, 195, 214]	AAGGACACACCACTGTCAATGGAA	4	-2.35962045372595	15.6758167925231	2587
76	77	2.0	[48, 194]	AAGGACACATAGCGACACCACTGT	1	-9.625332598890491	-9.38780370040296	1446
77	78	4.0	[83, 194, 195, 214]	AAGGACACCATCAAGTAGGCTAAC	3	8.31678967093938	17.7160769688522	1129
79	80	2.0	[194, 243]	AAGGACACGCTCGGTAGAGCTGAA	1	-15.018769936876302	-12.0665073030065	2053
84	85	6.0	[153, 159, 194, 195, 214, 249]	AAGGTACACCTAATCCACCACTGT	5	0.28740311103944105	25.9333821317925	1854
85	86	1.0	[194]	AAGGTACACGAACTTACATACCAA	1	-13.370918813544801	-11.455125306104698	2207
88	89	4.0	[48, 194, 195, 214]	AAGGTACAGCCACATAATTGGCTC	3	2.8180445959133	21.001613427597803	2729
91	92	3.0	[194, 195, 214]	AATCCGTCACACGACCATCATTCC	4	-3.00699781972374	14.7683322467244	2402
92	93	2.0	[166, 194]	AATCCGTCACGTATCAACATTGGC	1	-17.4753503149825	-5.92383456631233	1510
93	94	2.0	[138, 139]	AATCCGTCAGCCATGCAGAGTCAA	6	27.2110715301862	-9.68009904274176	1002
94	95	4.0	[186, 194, 195, 214]	AATCCGTCCCAGTTCACTAAGGTC	3	0.487223424895981	11.042727044358498	3295
95	96	1.0	[194]	AATCCGTCGCCACATACCGTGAGA	1	-11.7705246528739	-3.11457324686686	1057
96	97	3.0	[194, 195, 214]	AATCCGTCGCTAACGAACAGATTC	2	12.9057326529273	1.90291846013987	1097
97	98	3.0	[194, 195, 214]	AATCCGTCGTCTGTCACCGAAGTA	3	4.76445222502647	4.49220985295531	3791
98	99	4.0	[157, 194, 195, 214]	AATCCGTCGTGTTCTAACACAGAA	3	7.47085827220088	11.0782464680374	3782
99	100	3.0	[83, 194, 232]	AATCCGTCTATCAGCAACGCTCGA	1	-20.1953792554567	-5.23828496916342	2058
101	102	1.0	[194]	AATGTTGCACGCTCGAGCGAGTAA	1	-13.8386208536633	-7.76776451629663	1615
102	103	3.0	[194, 195, 214]	AATGTTGCCAATGGAACAACCACA	2	9.43195853743464	-0.285837760994639	3966
104	105	1.0	[194]	AATGTTGCCGACTGGAATAGCGAC	1	-21.187403603265	-10.4560593087366	1584
106	107	1.0	[194]	AATGTTGCTGGTGGTAAGCACCTC	1	-11.475384110332902	-17.5645572564445	2810
108	109	3.0	[194, 195, 214]	ACAAGCTAAATCCGTCATTGAGGA	3	3.39406026879369	11.823861797162499	3316
109	110	1.0	[194]	ACAAGCTAACACAGAATAGGATGA	1	-20.1030626082657	0.191282445587558	2464
111	112	1.0	[48]	ACAAGCTAAGAGTCAAGGTGCGAA	4	-1.6792825998706102	17.7957215740668	2354
112	113	1.0	[194]	ACAAGCTAAGCACCTCAAGAGATC	1	-11.073133025281999	-5.748318804207011	1478
113	114	1.0	[194]	ACAAGCTAAGTACAAGAGATGTAC	5	5.88988983186366	27.619937164517	2704
116	117	1.0	[194]	ACAAGCTACATCAAGTAAACATCG	1	-14.684652657344598	-10.1034578712043	1886
118	119	3.0	[194, 195, 214]	ACAAGCTACCTCTATCAGCAGGAA	4	-4.0136223056685605	10.7447967567555	3028
119	120	2.0	[194, 195]	ACAAGCTACCTCTATCCACCTTAC	3	1.6635562777810002	6.35310222593545	3504
121	122	2.0	[194, 259]	ACAAGCTACGGATTGCGGAGAACA	1	-15.7351177710026	-14.0310763751442	2088
123	124	2.0	[83, 194]	ACAAGCTAGGAGAACAATCCTGTA	1	-13.885979818064301	-18.5987589524517	2275
124	125	3.0	[194, 195, 214]	ACAAGCTATATCAGCATCCGTCTA	3	2.92656599105197	8.94841122104182	3291
125	126	2.0	[83, 194]	ACAAGCTATCCGTCTAGTCGTAGA	1	-13.8439684868988	-8.70646813569755	2183
127	128	4.0	[48, 194, 195, 214]	ACACAGAAAGCCATGCCTGTAGCC	3	7.89333655796381	12.3601746469952	3203
128	129	3.0	[194, 195, 214]	ACACAGAAAGGCTAACAGATCGCA	4	-7.360144346163731	15.7186773065005	1301
129	130	3.0	[56, 194, 242]	ACACAGAAAGTGGTCAAGATGTAC	1	-22.4703594797081	-3.30847865900683	2129
130	131	3.0	[194, 195, 214]	ACACAGAAATCCTGTACAAGACTA	4	0.17434486577520697	10.3549770294161	3250
133	134	3.0	[48, 123, 194]	ACACGACCACACAGAACCTAATCC	1	-14.570884784836199	-5.31508673801876	1674
135	136	3.0	[194, 195, 214]	ACACGACCACGCTCGAAATGTTGC	5	3.5028653246821295	26.196054254481897	2687
137	138	2.0	[41, 194]	ACACGACCATTGAGGAACGTATCA	1	-14.839880649626698	-7.3024216524239005	1972
138	139	1.0	[194]	ACACGACCCACTTCGACCGTGAGA	1	-15.582880532202001	1.29230804860334	1894
139	140	2.0	[83, 194]	ACACGACCCATCAAGTAGTACAAG	1	-14.897891587525198	-2.13334127632812	1174
140	141	3.0	[98, 195, 214]	ACACGACCCCGAAGTAAACCGAGA	4	-3.05669513394724	16.0276800296966	2394
141	142	3.0	[194, 195, 214]	ACACGACCCCGTGAGACCTCCTGA	3	5.063582371693	1.53982899851441	4145
143	144	1.0	[194]	ACACGACCCTGAGCCACCGTGAGA	1	-10.240188151003501	-14.2553427640525	2510
146	147	1.0	[194]	ACAGATTCAACTCACCCCGACAAC	1	-6.6825954277868	-12.2016554483586	2345
147	148	1.0	[194]	ACAGATTCACAAGCTACTGTAGCC	1	-22.995956650428802	-7.403759570556639	1386
148	149	2.0	[83, 194]	ACAGATTCACATTGGCTGGTGGTA	1	-14.962397246921501	-14.5317479526082	2196
149	150	4.0	[115, 194, 195, 214]	ACAGATTCACCACTGTTAGGATGA	3	4.30118740306063	12.3480063796425	3089
150	151	3.0	[194, 195, 214]	ACAGATTCCAAGACTACGACTGGA	4	-7.40794549841659	15.617533430423999	1002
151	152	2.0	[2, 194]	ACAGATTCCATCAAGTATCCTGTA	1	-15.2081482975971	1.09659345376592	1744
152	153	1.0	[194]	ACAGATTCCGAACTTAGAATCTGA	1	-6.04961710601514	-13.3331417201146	2294
153	154	1.0	[73]	ACAGATTCGAATCTGACTGGCATA	6	29.0168386736381	-9.52492152015427	1040
154	155	1.0	[218]	ACAGATTCGATAGACATATCAGCA	1	-15.916596211647802	-15.0027390757164	2015
155	156	1.0	[93]	ACAGATTCTCCGTCTACAATGGAA	2	8.73201607333572	-2.26218207544197	951
156	157	1.0	[194]	ACAGCAGAAAGGTACAGAGCTGAA	1	-15.6395297117079	1.172952325855	1533
158	159	3.0	[31, 83, 194]	ACAGCAGAACGTATCATTCACGCA	1	-22.0349960073118	-10.562310982293	1874
160	161	1.0	[194]	ACAGCAGAATTGAGGACAATGGAA	1	-9.5256028176755	-9.35582012781495	1540
162	163	4.0	[37, 103, 127, 194]	ACAGCAGACGCTGATCACAGCAGA	1	-17.7721493569147	-7.0222207891024695	1631
163	164	1.0	[194]	ACAGCAGACTAAGGTCAATGTTGC	1	-16.7969313245721	-9.29154344869944	2223
164	165	3.0	[194, 195, 214]	ACATTGGCAAGAGATCAACGTGAT	5	1.10446845613577	26.9754426111549	2062
165	166	2.0	[194, 259]	ACATTGGCACAGATTCAATCCGTC	1	-22.453400094878997	-2.1034681555059698	1932
167	168	3.0	[194, 195, 214]	ACATTGGCAGATCGCAGCCAAGAC	4	-1.18459894166729	12.949762310276801	2989
168	169	1.0	[194]	ACATTGGCATTGGCTCGGTGCGAA	1	-18.657497997974502	-13.461073556589199	1418
169	170	1.0	[194]	ACATTGGCCATACCAAGAACAGGC	1	-10.9215570010106	-3.23784777982989	1060
170	171	3.0	[194, 195, 214]	ACATTGGCCCGACAACCATACCAA	3	3.5475324204442003	6.33771045122574	3497
171	172	1.0	[194]	ACATTGGCCCGACAACCGGATTGC	1	-10.615574865018301	-10.1555038812945	1811
172	173	1.0	[194]	ACATTGGCCGCATACAGTCTGTCA	1	-8.96384894549399	-15.8236700936814	2684
173	174	1.0	[194]	ACATTGGCCTCAATGAATTGAGGA	1	-12.2626822826721	-5.13253511746044	1511
174	175	3.0	[194, 195, 214]	ACATTGGCGCCAAGACCGCTGATC	3	4.57773493398477	0.848774591588082	4021
178	179	3.0	[83, 194, 221]	ACCACTGTCAACCACACGACTGGA	1	-16.262718531889902	-2.01792299506433	1363
181	182	1.0	[194]	ACCACTGTCGGATTGCACGCTCGA	1	-11.605328365309699	-1.50450357569596	2228
182	183	2.0	[83, 194]	ACCACTGTCTGGCATAAAGACGGA	1	-14.812278004103	-15.0231439839977	2303
183	184	1.0	[48]	ACCACTGTGAGCTGAACAGATCTG	7	7.37933137753307	-21.7841682652936	626
184	185	6.0	[48, 160, 194, 195, 214, 259]	ACCTCCAAAACAACCAACGCTCGA	3	3.11086246599159	-2.21309449245149	4940
187	188	3.0	[194, 195, 214]	ACCTCCAAATCATTCCAAGGTACA	3	2.33986429506049	11.2042003081723	3271
190	191	3.0	[194, 195, 214]	ACCTCCAACACTTCGACTAAGGTC	3	10.3587586836968	16.8531487876228	3875
192	193	3.0	[194, 195, 214]	ACCTCCAAGTGTTCTAGATGAATC	3	7.454564782363629	8.22492147877757	4063
195	196	2.0	[83, 194]	ACGCTCGAACAAGCTAGCTAACGA	1	-10.389928225929001	-10.2101944333311	1856
196	197	4.0	[189, 194, 195, 214]	ACGCTCGAACACGACCATCCTGTA	5	3.1614013192702903	29.013873643836497	2691
198	199	3.0	[83, 110, 194]	ACGCTCGAACTATGCAACCTCCAA	1	-18.6146019460611	-10.281887406294699	2064
199	200	2.0	[83, 194]	ACGCTCGAAGAGTCAAGGTGCGAA	1	-13.6050248920365	-3.19393571252298	1525
200	201	2.0	[199, 214]	ACGCTCGAAGATCGCACCATCCTC	3	0.0663192453754421	7.1847367077140705	3574
201	202	2.0	[194, 195]	ACGCTCGAAGTCACTAAGATCGCA	4	2.27671964500625	14.481583261503301	3108
202	203	2.0	[194, 195]	ACGCTCGACCTCCTGATCCGTCTA	4	-0.0652470441635431	12.2620309594825	3039
204	205	1.0	[126]	ACGCTCGAGACTAGTAAGAGTCAA	3	2.62887933346359	6.90443471607412	3180
205	206	2.0	[51, 194]	ACGCTCGAGTACGCAAAATCCGTC	1	-12.2003595934984	2.2933439808539102	1690
206	207	1.0	[23]	ACGTATCAAAGAGATCTGGCTTCA	5	-0.0770473588394621	26.8888694953643	2093
207	208	3.0	[102, 194, 195]	ACGTATCAAAGGTACACGCTGATC	5	0.981466517810308	26.8191869425354	2361
208	209	3.0	[194, 195, 214]	ACGTATCAACATTGGCAGATCGCA	4	1.8954429469070602	16.4348594278811	2992
209	210	3.0	[194, 195, 214]	ACGTATCAACCACTGTAGCCATGC	4	3.1449755750331803	14.088537621310198	3192
210	211	1.0	[194]	ACGTATCACAATGGAAATCATTCC	1	-15.6782390279671	-2.79818767602998	1070
211	212	1.0	[194]	ACGTATCACCGAAGTAACCACTGT	1	-17.056181436436	-14.7786498361341	2680
212	213	7.0	[131, 132, 133, 136, 194, 195, 214]	ACGTATCACCTCTATCACAGCAGA	4	-0.48335033065198296	11.3740250455518	3122
214	215	4.0	[48, 194, 195, 214]	ACGTATCACTGAGCCAATTGGCTC	3	3.52202339736668	3.1484660901809702	3850
216	217	4.0	[194, 195, 214, 253]	ACTATGCAAAGACGGAACGCTCGA	3	4.84657240330099	5.71938857824064	3468
217	218	3.0	[194, 195, 214]	ACTATGCAACCTCCAATGGTGGTA	3	8.189068611347789	12.7532571892505	2871
218	219	1.0	[194]	ACTATGCAAGATGTACCTCAATGA	1	-16.5021638567806	-0.560735069680302	1371
219	220	2.0	[83, 194]	ACTATGCACAACCACAAAGGTACA	1	-21.672505128586696	-10.476159421257	1723
220	221	3.0	[194, 195, 214]	ACTATGCACAACCACAGTCTGTCA	5	-0.391702952212275	27.277994086915697	2102
221	222	3.0	[194, 195, 214]	ACTATGCACACCTTACGCCAAGAC	1	-18.901161264195302	-1.4763655090178	1498
222	223	1.0	[194]	ACTATGCACGACACACGATGAATC	1	-12.7825655579714	-20.0568685768909	2606
223	224	3.0	[77, 78, 194]	ACTATGCACGACACACTGAAGAGA	1	-15.838294328995302	-15.122916597406302	2398
225	226	2.0	[83, 194]	ACTATGCAGGTGCGAAAAGGTACA	1	-13.6221413206588	-13.5816248556025	2244
226	227	3.0	[194, 195, 214]	AGAGTCAAAATCCGTCGACTAGTA	5	1.4978925968601	29.4956291776098	2134
227	228	5.0	[167, 194, 195, 205, 214]	AGAGTCAAAGTACAAGAATGTTGC	3	2.86276101784218	6.037548637973349	3210
229	230	1.0	[194]	AGAGTCAACATACCAAAGTCACTA	1	-11.073366725915198	-3.94454478976204	1342
230	231	6.0	[88, 194, 195, 214, 246, 249]	AGAGTCAACCAGTTCACATCAAGT	3	3.81226493957348	-1.1746430171740903	4164
232	233	3.0	[194, 195, 214]	AGAGTCAAGGAGAACAGTCTGTCA	4	0.5208839135698591	14.311922640565	2705
233	234	1.0	[194]	AGAGTCAATATCAGCAATTGAGGA	1	-15.052230825527001	-15.539073378122598	2587
234	235	1.0	[194]	AGAGTCAATCCGTCTACTGGCATA	1	-8.564405266323401	-14.585460640697802	2387
237	238	2.0	[83, 194]	AGATCGCAATTGGCTCCAATGGAA	1	-13.274658841657699	-1.61295360238139	831
238	239	1.0	[194]	AGATCGCACAAGGAGCCGAACTTA	1	-14.8019833879387	-6.958089059320519	2020
239	240	2.0	[48, 194]	AGATCGCACACCTTACCGACTGGA	1	-9.18481758024851	-15.2082880200598	2425
240	241	1.0	[140]	AGATCGCACCAGTTCAGCTAACGA	2	9.33789589660708	-4.67424836577686	867
241	242	3.0	[83, 194, 255]	AGATCGCACGACACACAACTCACC	1	-7.49591690200813	-16.0217527716757	3284
242	243	3.0	[83, 194, 232]	AGATCGCACGGATTGCAAGAGATC	1	-11.1144145516223	-15.533793099623999	2310
244	245	1.0	[194]	AGATCGCAGCTAACGAAAGGACAC	1	-18.1070256929415	0.0432544631617808	1464
245	246	1.0	[194]	AGATCGCAGTACGCAACGAACTTA	1	-18.8229532234683	-4.181275569717689	1817
246	247	1.0	[194]	AGATCGCATGGAACAAGATGAATC	1	-6.455328360380549	-12.4193356198373	2649
248	249	2.0	[83, 194]	AGATGTACATTGGCTCAGAGTCAA	1	-14.0585269154241	-4.58741811798166	1616
249	250	1.0	[194]	AGATGTACGACTAGTAGATAGACA	1	-22.4496884738834	-1.4772508198328	2472
251	252	4.0	[30, 194, 195, 214]	AGATGTACTATCAGCAGATGAATC	5	4.55068316377163	27.6730911157141	2955
252	253	5.0	[100, 112, 194, 195, 214]	AGATGTACTGAAGAGAAGGCTAAC	3	4.66627235656366	21.764721270401804	3174
254	255	4.0	[194, 195, 214, 237]	AGCACCTCAAACATCGGATGAATC	5	5.7949774943817305	24.854245864586	2856
256	257	4.0	[74, 194, 195, 214]	AGCACCTCAAGACGGACCATCCTC	3	3.6263819567195	-1.86612816544195	4465
258	259	2.0	[176, 194]	AGCACCTCACAGCAGAACTATGCA	1	-8.52464373444296	-16.9773055461633	2723
261	262	3.0	[194, 195, 214]	AGCACCTCAGTACAAGATCCTGTA	3	2.3527446174914703	11.7021656620558	3323
268	269	2.0	[196, 226]	AGCACCTCCGCATACAACTATGCA	3	9.53764619957369	17.8473695694536	2119
270	271	3.0	[194, 195, 214]	AGCACCTCGACAGTGCGGAGAACA	3	9.05542080105569	11.415536158316801	3934
271	272	1.0	[194]	AGCACCTCGTCGTAGACAATGGAA	2	7.803250915354769	3.54783437048559	937
272	273	3.0	[194, 195, 214]	AGCAGGAAAACGTGATCCGTGAGA	4	-1.14755522715807	18.377218478309	2404
273	274	2.0	[194, 231]	AGCAGGAAAACGTGATGTCTGTCA	1	-10.0523105123073	-14.026987863012	2291
274	275	3.0	[194, 195, 214]	AGCAGGAAAGATGTACCTGTAGCC	5	4.01954024416294	25.771297342713105	3234
277	278	1.0	[194]	AGCAGGAACAGCGTTACACTTCGA	1	-23.887408031870603	-2.5090592436773798	2562
278	279	4.0	[194, 195, 214, 250]	AGCAGGAACCTAATCCGTGTTCTA	5	5.87398752671287	26.3052223907444	3200
279	280	1.0	[194]	AGCAGGAACGCTGATCCCTAATCC	1	-10.9059848542496	-7.354276760466241	1888
280	281	2.0	[194, 259]	AGCAGGAACTCAATGAAATGTTGC	1	-14.398656437797001	-3.04618375209115	1464
282	283	1.0	[123]	AGCAGGAAGACAGTGCCCGAAGTA	6	29.5347917536936	-11.845443280573	813
284	285	1.0	[194]	AGCAGGAAGGTGCGAACAAGGAGC	1	-16.3179480665014	-8.18562888466964	1950
285	286	1.0	[194]	AGCAGGAAGTGTTCTAGGAGAACA	1	-13.5667007314991	-2.42038589422984	1254
286	287	2.0	[194, 195]	AGCAGGAATTCACGCACTAAGGTC	5	0.9732079226918101	27.6298881174428	2267
287	288	1.0	[194]	AGCCATGCAATGTTGCGCCAAGAC	1	-12.9861993376242	-11.007808963752199	2083
288	289	3.0	[83, 122, 194]	AGCCATGCAGATCGCAAGCACCTC	1	-20.282108264943897	-14.711911085994501	1864
289	290	2.0	[187, 194]	AGCCATGCAGGCTAACGTGTTCTA	1	-13.4421557181911	-14.344508786612199	2360
290	291	1.0	[194]	AGCCATGCGATGAATCGGTGCGAA	1	-19.012132205246502	-6.84941284737458	1763
294	295	3.0	[194, 195, 214]	AGGCTAACACGCTCGAAACGTGAT	3	6.8376892283487205	10.2242816558872	3723
297	298	1.0	[194]	AGGCTAACATTGGCTCGGAGAACA	1	-19.489895668197697	-11.188409504275999	2063
298	299	1.0	[194]	AGGCTAACCACCTTACTTCACGCA	1	-11.8508933668578	-17.530726357540697	2345
299	300	4.0	[108, 194, 195, 214]	AGGCTAACCGAACTTACGAACTTA	3	3.6236486830322496	-1.94229882482205	4155
300	301	2.0	[48, 194]	AGGCTAACGAGCTGAACCATCCTC	1	-16.715981815119	-6.609683131789679	1855
301	302	3.0	[194, 195, 214]	AGGCTAACGTGTTCTAATCCTGTA	5	3.1809783560947698	25.8095896987375	2945
302	303	1.0	[194]	AGGCTAACTCTTCACACGCTGATC	1	-14.432146756337302	-18.9367806063307	2813
304	305	1.0	[194]	AGTACAAGACAAGCTAATCCTGTA	1	-19.699808307662998	-2.72054459829635	1614
305	306	1.0	[194]	AGTACAAGACAGATTCAACGCTTA	1	-15.1102517141954	-3.8478519862894305	1463
306	307	2.0	[84, 194]	AGTACAAGACTATGCACGACACAC	1	-15.7159713238272	1.22470691470385	1644
307	308	1.0	[194]	AGTACAAGAGGCTAACCATCAAGT	1	-10.7813673331984	-6.6517726382372	1867
308	309	1.0	[194]	AGTACAAGATGCCTAAATCATTCC	1	-14.0266209592319	-2.8496198016103502	1331
309	310	2.0	[83, 194]	AGTACAAGCCAGTTCATATCAGCA	1	-16.1843917484935	-7.86914116679584	2477
310	311	3.0	[194, 195, 214]	AGTACAAGCCGACAACGCTAACGA	4	-0.5364682630900061	11.705909181875501	2942
312	313	4.0	[35, 194, 195, 214]	AGTCACTAAACGCTTATGGTGGTA	5	2.97905942727992	26.882766417477605	2867
315	316	1.0	[194]	AGTCACTAAGAGTCAAGTACGCAA	1	-12.726794176037801	-3.16090232069816	1965
317	318	3.0	[194, 195, 214]	AGTCACTAAGCCATGCCAACCACA	3	4.94801243524365	9.211356158163051	3634
323	324	4.0	[189, 194, 195, 214]	AGTCACTAGATGAATCACTATGCA	3	3.83484870258714	14.399638290070001	2959
324	325	2.0	[8, 194]	AGTGGTCAAATCCGTCTCCGTCTA	1	-13.205608034881001	-16.9946384491425	2093
325	326	4.0	[48, 194, 195, 214]	AGTGGTCAAATGTTGCCGCTGATC	3	0.48950680564536103	8.22445585881611	3300
327	328	2.0	[83, 194]	AGTGGTCAAGTACAAGACCACTGT	1	-11.1257998212365	-9.2034094431158	1627
328	329	1.0	[194]	AGTGGTCAATTGAGGACGAACTTA	1	-10.7563681991384	-18.308331268522302	2712
330	331	3.0	[194, 195, 214]	AGTGGTCACTGTAGCCACGCTCGA	5	0.478985950507634	27.9688109015261	2435
331	332	1.0	[192]	ATAGCGACACAGCAGACCATCCTC	2	14.688855748803402	-7.476560032911099	939
332	333	2.0	[69, 194]	ATAGCGACACCTCCAACCAGTTCA	1	-18.5443612555862	-11.213780103875502	2096
334	335	1.0	[194]	ATAGCGACCGACTGGAATAGCGAC	1	-15.724037998968802	-3.5893991565213503	1373
336	337	1.0	[211]	ATAGCGACCTCAATGACCGTGAGA	2	16.046284441124197	-6.553514395286981	1108
337	338	3.0	[194, 195, 214]	ATAGCGACGAACAGGCGATAGACA	3	1.4986522611351698	6.20251609738162	3337
338	339	4.0	[48, 194, 195, 214]	ATAGCGACGATAGACAAGCACCTC	3	2.4478346675802998	5.00980136153182	3702
341	342	1.0	[194]	ATCATTCCAAGAGATCCACCTTAC	1	-15.409031537290199	-13.365259966378801	1918
342	343	4.0	[18, 83, 121, 194]	ATCATTCCACAGCAGACTCAATGA	1	-7.9373889230805	-16.3926438323539	3265
343	344	4.0	[142, 194, 195, 214]	ATCATTCCACCTCCAAGGAGAACA	3	4.40916259907446	1.9668912179650602	3962
344	345	1.0	[194]	ATCATTCCATAGCGACGTCGTAGA	1	-15.4514894067286	-6.00330198193259	1957
345	346	2.0	[83, 194]	ATCATTCCATCCTGTATATCAGCA	1	-17.7192080722546	-16.856222048781298	1891
346	347	4.0	[59, 194, 195, 214]	ATCATTCCCAAGACTAAACCGAGA	4	-1.45877386646611	13.876137613403198	3059
347	348	5.0	[9, 48, 194, 195, 214]	ATCATTCCCACCTTACCAAGGAGC	3	1.2273691573533798	8.23191865440718	3432
348	349	1.0	[194]	ATCATTCCCGGATTGCGAGCTGAA	1	-13.4285084940792	-4.34616294936695	1486
349	350	3.0	[194, 195, 214]	ATCATTCCGATGAATCTAGGATGA	5	3.4778400531279803	27.679196709804	3252
351	352	5.0	[156, 162, 194, 195, 214]	ATCATTCCTAGGATGACTGTAGCC	5	5.31867692731091	28.483827284654303	3799
354	355	3.0	[194, 195, 214]	ATCCTGTAACGCTCGACCTAATCC	4	-0.0893404459749822	14.6249277887722	3239
355	356	2.0	[116, 194]	ATCCTGTAACGCTCGATATCAGCA	1	-16.3865494602968	-15.509556628687802	2257
357	358	2.0	[194, 195]	ATCCTGTAGTCTGTCAAAGAGATC	3	9.73924404982616	17.3796201379696	2733
358	359	1.0	[194]	ATCCTGTATTCACGCAAGTACAAG	1	-10.725758194425499	-6.60023063662264	1732
359	360	3.0	[194, 195, 214]	ATGCCTAAAATCCGTCCGGATTGC	4	-0.10148487908993499	16.3679893144735	2330
360	361	3.0	[194, 195, 214]	ATGCCTAAAATCCGTCGGTGCGAA	5	0.655419178477046	29.1136497190018	1935
361	362	1.0	[194]	ATGCCTAAACAGCAGAGCTAACGA	1	-19.411645222019	-10.025802781981099	1925
362	363	1.0	[194]	ATGCCTAAACTATGCACAACCACA	1	-21.036626257467898	-15.3486501778341	2612
363	364	2.0	[160, 194]	ATGCCTAACATCAAGTTGGCTTCA	1	-18.203891292957803	-15.098885152049197	2038
365	366	1.0	[194]	ATGCCTAAGAACAGGCCAGATCTG	1	-14.532872443725	-1.0296889697128901	927
366	367	2.0	[83, 194]	ATGCCTAAGAATCTGAATCCTGTA	1	-15.7055157224715	-16.1460994914773	2620
368	369	1.0	[210]	ATGCCTAAGATAGACAATAGCGAC	2	12.5666235950956	-1.33279656370663	853
369	370	1.0	[194]	ATGCCTAAGCTAACGAATCCTGTA	1	-16.896510203205	-9.39513563109726	2205
371	372	5.0	[114, 126, 194, 195, 214]	ATGCCTAATGGCTTCAAGTCACTA	3	6.89011438152487	10.380409624606699	3748
375	376	3.0	[83, 188, 194]	ATTGAGGAACCACTGTCTCAATGA	1	-23.738537694621897	-1.8794021561474699	2394
378	379	3.0	[104, 189, 194]	ATTGAGGAAGCACCTCTAGGATGA	1	-17.4372059046204	-3.9646857132692794	1864
379	380	1.0	[224]	ATTGAGGAATAGCGACAGATGTAC	2	19.303618317936397	-7.4333451160438395	1222
381	382	3.0	[194, 195, 214]	ATTGAGGACAATGGAAGTCTGTCA	3	10.0271716180036	9.88393131540938	5035
383	384	2.0	[4, 194]	ATTGAGGACCGTGAGAAATGTTGC	1	-18.240574106694698	-2.32438031751556	1537
384	385	4.0	[5, 194, 195, 214]	ATTGAGGACCGTGAGAATTGAGGA	2	-0.931563615749968	-13.3533979548809	4292
385	386	3.0	[194, 195, 214]	ATTGAGGAGATAGACACAAGGAGC	5	4.75130189825032	26.3509690112327	2900
386	387	1.0	[194]	ATTGAGGAGTGTTCTACAGCGTTA	1	-19.9922516518718	-11.264934393931599	1912
387	388	2.0	[194, 238]	ATTGAGGATATCAGCAAACTCACC	1	-20.297247139231104	-10.9764443140222	1993
389	390	4.0	[48, 83, 194, 240]	ATTGGCTCACACAGAACAACCACA	1	-11.457042813703302	-12.6861883625922	2139
390	391	1.0	[117]	ATTGGCTCACCACTGTTCTTCACA	4	-9.16439282565765	14.7794898016805	923
393	394	1.0	[194]	ATTGGCTCATCATTCCCCAGTTCA	1	-22.4700376303147	-2.3882889199858703	1914
395	396	3.0	[194, 195, 214]	ATTGGCTCCGCTGATCCTGAGCCA	4	4.21554148798357	15.086298604456001	2800
396	397	4.0	[48, 194, 195, 214]	ATTGGCTCCTAAGGTCCGCTGATC	3	3.1846079824605398	12.0514061482156	3353
397	398	1.0	[97]	ATTGGCTCTAGGATGAAGGCTAAC	3	1.7424898918813703	7.113377776070349	3520
398	399	1.0	[194]	ATTGGCTCTGGAACAATTCACGCA	1	-16.5194736484764	-4.50787356687783	1934
399	400	1.0	[48]	CAACCACAAACGCTTAACACAGAA	4	-5.32219678521682	17.226726250799	1722
400	401	2.0	[194, 195]	CAACCACAAATGTTGCCAAGACTA	3	5.306628282787661	-0.0601952659086278	3995
401	402	2.0	[194, 195]	CAACCACAACAGCAGACAGATCTG	3	3.37613194797702	-2.07479308766218	4770
402	403	1.0	[194]	CAACCACAAGCACCTCCGCTGATC	1	-17.2040160693081	-11.2730693521519	2207
403	404	3.0	[189, 194, 195]	CAACCACAATGCCTAAAACGTGAT	3	4.58517444300554	3.6076776714422203	3845
404	405	4.0	[46, 81, 83, 194]	CAACCACAATGCCTAAAGATCGCA	1	-11.2181660244969	-8.93313105589324	1743
408	409	3.0	[194, 195, 214]	CAACCACAGACAGTGCCGCTGATC	3	6.23353919321754	6.618311747516941	3524
409	410	1.0	[194]	CAACCACAGATGAATCACAAGCTA	1	-17.5448098733623	-13.922429306461401	1623
410	411	1.0	[194]	CAACCACAGTACGCAAGATGAATC	1	-19.305059405200698	-8.72249219619924	1811
412	413	1.0	[194]	CAAGACTAACCTCCAACCATCCTC	1	-13.952396798746	-8.94315698219778	2349
416	417	1.0	[194]	CAAGACTACAATGGAAGTCGTAGA	1	-13.4900104141866	-14.4335145964342	2447
417	418	3.0	[194, 195, 214]	CAAGACTACACCTTACCAGATCTG	3	5.493974188156481	5.99820032820446	3935
418	419	2.0	[135, 194]	CAAGACTACCATCCTCAAGGACAC	1	-9.46369117803012	-14.372278186573201	2557
419	420	4.0	[48, 194, 195, 214]	CAAGACTACTAAGGTCAAGGTACA	3	3.6517095987885697	4.83484544085766	3714
422	423	1.0	[194]	CAAGACTAGACAGTGCAGTCACTA	1	-20.012164070718697	-5.19631713687479	1805
425	426	3.0	[194, 195, 214]	CAAGGAGCACAAGCTACGACACAC	4	-2.3360899962169905	11.4820242516245	2778
426	427	4.0	[47, 83, 182, 194]	CAAGGAGCACACAGAAGCCAAGAC	1	-16.0751915957205	1.37074148963736	1455
428	429	2.0	[83, 194]	CAAGGAGCATTGGCTCAGCAGGAA	1	-15.966801408780698	-10.921642363718501	1676
429	430	3.0	[194, 195, 214]	CAAGGAGCCAGATCTGACTATGCA	3	-3.9987929516773097	11.2999076272405	2795
430	431	3.0	[194, 195, 214]	CAAGGAGCCCGACAACCAGCGTTA	4	-2.44664753322459	14.094863041593001	2552
431	432	4.0	[83, 188, 194, 241]	CAAGGAGCGACAGTGCCACCTTAC	1	-8.47493805155872	-15.0626562786136	3085
432	433	1.0	[194]	CAAGGAGCGCTAACGAAGCCATGC	1	-18.277775149845603	-2.1735992194166003	1087
433	434	3.0	[194, 195, 214]	CAAGGAGCGGTGCGAAGACAGTGC	4	-0.69540390675272	15.2475263936733	2872
434	435	4.0	[75, 194, 195, 214]	CAAGGAGCGTGTTCTAATCCTGTA	5	4.7060719113774905	26.501920618297895	2938
435	436	1.0	[194]	CAAGGAGCGTGTTCTACACTTCGA	1	-10.1879195612085	-10.3786646930741	2038
436	437	3.0	[3, 83, 194]	CAAGGAGCTCCGTCTAAACTCACC	1	-9.99280361202829	-15.511890262718	2682
437	438	2.0	[189, 194]	CAAGGAGCTGAAGAGAAGTGGTCA	1	-21.7784907363658	-12.1056339331892	2325
438	439	1.0	[191]	CAATGGAAAATCCGTCCGCTGATC	2	15.7891678342278	-6.04172617004556	938
442	443	3.0	[194, 195, 214]	CAATGGAACCATCCTCTATCAGCA	1	-20.3761125350884	-13.032992410741999	2072
445	446	2.0	[83, 194]	CAATGGAAGAATCTGAAGCACCTC	1	-12.187019548130698	-14.5634935150999	2573
447	448	1.0	[194]	CAATGGAAGATGAATCGGTGCGAA	1	-18.2483322835215	-15.184052714460199	1764
448	449	5.0	[170, 172, 194, 195, 214]	CAATGGAATTCACGCAAAGGACAC	3	1.10975069745559	9.27631344947633	3510
450	451	3.0	[194, 195, 214]	CACCTTACAAGGTACACATCAAGT	3	1.4703674370184099	8.31625479537637	3366
454	455	2.0	[83, 194]	CACCTTACCAAGGAGCATCATTCC	1	-7.898037415242309	-15.881230432662699	2993
455	456	3.0	[194, 195, 214]	CACCTTACCCAGTTCAGGTGCGAA	5	4.52533060306987	26.8605831441493	2770
456	457	1.0	[20]	CACCTTACCCATCCTCAACGCTTA	6	27.237125413800396	-7.55341860969658	1033
458	459	1.0	[214]	CACCTTACCGAACTTAAGTGGTCA	2	6.575832232311599	-7.02666397511537	1027
459	460	1.0	[194]	CACCTTACCGCATACATGGTGGTA	1	-11.285443627985499	-15.8573932894953	2472
460	461	3.0	[194, 195, 214]	CACCTTACCTAAGGTCGATGAATC	4	0.777127440584376	15.3602305059507	2851
461	462	3.0	[10, 189, 194]	CACCTTACCTCAATGAAGCACCTC	1	-12.5768118074566	-19.510910436168302	2816
462	463	3.0	[194, 195, 214]	CACCTTACCTGTAGCCAACGCTTA	5	1.0953520030041801	27.2704477662507	2400
463	464	3.0	[194, 195, 214]	CACCTTACCTGTAGCCTATCAGCA	5	4.90665265990942	25.3901834187862	3236
464	465	3.0	[194, 195, 214]	CACCTTACGAATCTGATCCGTCTA	5	2.8530736612839402	25.311501652278398	2734
465	466	1.0	[194]	CACCTTACGCTAACGAAATGTTGC	1	-19.9802887909959	-11.920291229494099	2186
467	468	3.0	[82, 194, 195]	CACCTTACGTCTGTCACAATGGAA	3	1.8656555340701202	8.65762449465897	3372
468	469	1.0	[204]	CACCTTACTGGCTTCACAAGGAGC	5	-1.20391036098935	25.847364554741898	2173
469	470	8.0	[5, 101, 174, 193, 194, 195, 214, 259]	CACTTCGAAAGGTACACCATCCTC	3	0.147850223155241	8.838947509402079	3440
472	473	2.0	[83, 194]	CACTTCGAATTGAGGACTGGCATA	1	-19.280167711347698	-7.713190214224009	1921
475	476	1.0	[194]	CACTTCGACTAAGGTCCACTTCGA	1	-18.330212924561398	-8.335431368246889	1330
476	477	1.0	[194]	CACTTCGACTCAATGAATAGCGAC	7	7.637618561280661	-22.184513285714697	700
477	478	3.0	[194, 195, 214]	CACTTCGAGTGTTCTAATCATTCC	5	2.0032153189500503	29.5465696525899	2180
481	482	3.0	[194, 195, 214]	CAGATCTGACAGCAGAAACTCACC	3	2.65056373158629	4.83390536217307	3842
482	483	4.0	[48, 194, 195, 214]	CAGATCTGACCTCCAAAGCAGGAA	4	-2.4148993726827	11.5003577884215	2809
483	484	2.0	[194, 195]	CAGATCTGATTGGCTCACACAGAA	3	4.54644492185831	10.7313996013397	3308
484	485	4.0	[120, 194, 195, 214]	CAGATCTGCATCAAGTCTGAGCCA	5	2.3640953610401203	27.9929732554629	2519
485	486	1.0	[212]	CAGATCTGCCAGTTCACAACCACA	2	18.2777383809342	-7.47927611460523	1071
486	487	1.0	[194]	CAGATCTGCCGTGAGAAACTCACC	1	-14.922963718404	-11.3342257726529	1974
487	488	2.0	[194, 195]	CAGATCTGCGAACTTACCTCCTGA	5	1.5908503600314199	28.449746079530396	2759
489	490	1.0	[194]	CAGATCTGCTAAGGTCGATGAATC	1	-16.4712529981816	-6.33727988625761	1683
492	493	4.0	[160, 194, 195, 214]	CAGATCTGGCTCGGTAACATTGGC	3	1.4583319580807599	9.51346601648751	3313
493	494	1.0	[194]	CAGATCTGGTGTTCTAATTGGCTC	1	-15.321426641930401	-4.45295811068309	1628
494	495	3.0	[83, 194, 234]	CAGCGTTAAAGGACACGACTAGTA	1	-19.397088345894602	-2.7226097613846703	1813
495	496	4.0	[148, 194, 195, 214]	CAGCGTTACAATGGAAAGTGGTCA	4	-3.28325390384154	14.6962665442275	2247
496	497	4.0	[5, 194, 195, 214]	CAGCGTTACAGATCTGCCAGTTCA	3	2.62396301513111	7.525181303912599	3021
498	499	2.0	[189, 194]	CAGCGTTAGCTAACGAAGTACAAG	1	-11.3764495502404	-16.860472132614902	2566
499	500	2.0	[48, 55]	CAGCGTTAGTCTGTCAGACTAGTA	4	-1.38544903471493	14.8433408395423	2994
501	502	3.0	[194, 195, 214]	CATACCAAAGCCATGCCTAAGGTC	4	-1.3820243204790301	16.2491787079937	2558
503	504	2.0	[83, 194]	CATACCAAATTGAGGAGTACGCAA	1	-13.179774646092	-13.925729680116598	2436
504	505	3.0	[188, 194, 195]	CATACCAACCTCTATCCTGTAGCC	5	3.84592865822503	26.760372693736	3048
505	506	3.0	[194, 195, 214]	CATACCAACTAAGGTCCTGTAGCC	4	-3.6383588844235897	13.6509409963152	2496
506	507	1.0	[194]	CATACCAACTCAATGACTGAGCCA	1	-14.5963745077489	-2.478851483572	1297
507	508	1.0	[194]	CATACCAAGAGCTGAACCGACAAC	1	-22.4795357335638	-4.94416542248712	2095
508	509	4.0	[183, 194, 195, 214]	CATACCAATTCACGCACCAGTTCA	3	3.3930618698118997	-1.87153509165028	4717
509	510	4.0	[143, 194, 195, 214]	CATCAAGTCAACCACAAGAGTCAA	3	3.8242382007299502	-1.99825056830576	4216
512	513	5.0	[48, 194, 195, 214, 228]	CATCAAGTCGACTGGAGACAGTGC	3	7.5093247294275995	11.1670734671829	3804
514	515	3.0	[194, 195, 214]	CCAGTTCAAAGGTACAAAGGACAC	3	3.6708104217700295	6.97087521266816	3486
515	516	3.0	[194, 195, 214]	CCAGTTCAACACAGAATCTTCACA	5	1.15564356651702	27.804385479478302	2467
518	519	4.0	[49, 194, 195, 214]	CCAGTTCAATTGAGGAAGTACAAG	3	4.6843035795415595	12.4621850968097	3400
520	521	1.0	[194]	CCAGTTCACACCTTACCCGTGAGA	1	-17.5577788157876	-2.76461718517298	1390
521	522	3.0	[194, 195, 214]	CCAGTTCACCGACAACGCGAGTAA	3	3.34715811639449	12.161752038973301	3241
524	525	3.0	[83, 189, 194]	CCAGTTCAGAGCTGAACTGGCATA	1	-18.014961191916	-12.7799306463773	1931
525	526	4.0	[48, 194, 195, 214]	CCAGTTCAGCCAAGACAGTACAAG	4	-2.74260651278165	14.7753775346054	2876
526	527	3.0	[194, 195, 214]	CCAGTTCAGCTCGGTAGAGTTAGC	4	-0.43266484499243496	15.679768247082801	2528
528	529	1.0	[194]	CCAGTTCAGTCTGTCATGGCTTCA	1	-19.851599447325302	-11.993989695301302	2468
529	530	3.0	[194, 195, 214]	CCATCCTCAATCCGTCCCGTGAGA	5	3.5013995662701802	26.1159307703679	2928
531	532	12.0	[57, 59, 64, 65, 66, 67, 68, 70, 72, 194, 195, 214]	CCATCCTCACGCTCGAGGTGCGAA	3	9.3783318982378	10.2194577709719	4413
533	534	3.0	[194, 195, 214]	CCATCCTCATTGAGGACGGATTGC	4	-5.422387980490661	15.4331473678545	2383
536	537	3.0	[146, 194, 195]	CCATCCTCCATCAAGTTTCACGCA	4	0.30228661507413296	16.489710691500402	2376
538	539	3.0	[194, 195, 214]	CCATCCTCGCCAAGACCAAGACTA	5	5.34627075700023	23.069839534910102	3351
539	540	5.0	[175, 194, 195, 207, 214]	CCATCCTCGTCTGTCAAGGCTAAC	3	3.2587875151794203	12.957661446036802	3494
540	541	4.0	[52, 194, 195, 214]	CCGAAGTAAAGACGGACCATCCTC	3	4.454136990813151	3.48213932650231	3881
541	542	3.0	[83, 194, 232]	CCGAAGTAACTATGCATGAAGAGA	1	-13.0092113840411	-18.325201934932302	2804
542	543	1.0	[194]	CCGAAGTAAGATCGCACGAACTTA	3	-12.074199643054	2.38937713610595	1889
543	544	2.0	[194, 206]	CCGAAGTAAGCACCTCCACTTCGA	1	-15.657418698563001	1.18331769124727	2045
544	545	1.0	[194]	CCGAAGTAATCATTCCACGTATCA	1	-10.4267652699244	-15.4252627243576	2556
547	548	1.0	[194]	CCGAAGTACCTCCTGACTGAGCCA	1	-15.8963771168892	-12.523291332293999	1807
549	550	3.0	[48, 194, 195]	CCGAAGTAGCCACATAGAGCTGAA	3	10.6781844192494	16.9220573174418	4057
554	555	1.0	[194]	CCGACAACCGACTGGAACAGATTC	1	-20.4219494424703	-6.17959447482909	1764
557	558	3.0	[194, 195, 214]	CCGACAACGTCGTAGAACGTATCA	5	5.2155978143733	24.698996468797898	3117
559	560	3.0	[83, 151, 194]	CCGACAACTCTTCACACCTCCTGA	1	-12.2548499959655	-16.0096354979402	2543
560	561	1.0	[194]	CCGTGAGAAACGTGATCTAAGGTC	1	-10.6426231293465	-7.58452611289983	1877
561	562	3.0	[194, 195, 214]	CCGTGAGAATCATTCCAGATGTAC	3	10.3092156011084	0.0655891313319635	4379
562	563	3.0	[83, 149, 194]	CCGTGAGACACCTTACACGTATCA	1	-9.194712180294609	-16.1982443678707	2941
564	565	2.0	[83, 194]	CCGTGAGACCAGTTCAGAACAGGC	1	-12.218390691956902	-7.51953934665775	1361
565	566	3.0	[194, 195, 214]	CCGTGAGACCGAAGTACCGTGAGA	4	-4.48261634928142	15.9969034741112	2159
566	567	2.0	[194, 195]	CCGTGAGAGCCAAGACAAGAGATC	3	5.79526145298725	7.94100018219018	3729
567	568	1.0	[194]	CCGTGAGAGCCACATAAAGGTACA	1	-21.6018812321723	-12.0221453846349	1926
569	570	1.0	[194]	CCGTGAGAGCGAGTAAATCATTCC	1	-6.269714714626371	-12.762969100579	2653
570	571	1.0	[194]	CCTAATCCAAGGACACCATCAAGT	1	-13.522270396177499	-5.15033665972933	1773
572	573	3.0	[194, 195, 214]	CCTAATCCAGCAGGAACTGTAGCC	3	4.69012396014359	21.3042096360834	3298
574	575	3.0	[69, 83, 194]	CCTAATCCATCATTCCATAGCGAC	1	-11.8605827412166	-19.088142062335802	2654
575	576	3.0	[194, 195, 214]	CCTAATCCCACCTTACTGGTGGTA	4	-5.89347766138022	16.899340934789	1135
576	577	3.0	[194, 195, 214]	CCTAATCCCCTCCTGAAGATGTAC	4	0.514575403976557	12.4070609155789	3095
577	578	1.0	[194]	CCTAATCCGCGAGTAAGTCTGTCA	1	-6.29777383863239	-12.8224936318556	2268
578	579	4.0	[169, 194, 195, 214]	CCTAATCCGTCGTAGAAAGGACAC	5	2.6595989603591	28.5220100410318	2684
580	581	4.0	[62, 194, 195, 214]	CCTAATCCTTCACGCAACCACTGT	4	-0.705946978467004	13.2687732330531	2868
581	582	1.0	[48]	CCTCCTGAAACTCACCATTGGCTC	4	-9.93238854495616	14.370657874991	1826
584	585	2.0	[202, 203]	CCTCCTGACCTAATCCTATCAGCA	2	16.9866034877207	-8.46443900274075	1008
585	586	1.0	[194]	CCTCCTGAGCTCGGTACGGATTGC	1	-19.297998242198698	-10.6667329634543	2088
586	587	2.0	[83, 194]	CCTCCTGAGTACGCAAAGATCGCA	1	-18.136679508643397	-7.332023263301839	1673
587	588	2.0	[83, 194]	CCTCCTGATTCACGCAGGAGAACA	1	-10.0856059092983	-15.6089462492541	2817
588	589	1.0	[194]	CCTCTATCAACCGAGATAGGATGA	1	-17.3986335425982	-12.3545451651397	2389
589	590	2.0	[194, 239]	CCTCTATCACAGCAGAGATAGACA	1	-12.625550504054198	-9.62760392026741	1881
591	592	1.0	[15]	CCTCTATCATCCTGTAGACAGTGC	7	8.04339632684312	-23.171044442198898	2000
594	595	3.0	[194, 195, 214]	CCTCTATCCGGATTGCCCAGTTCA	5	0.914806463603448	27.9103118339782	2494
595	596	1.0	[48]	CCTCTATCGACAGTGCAACGTGAT	4	-0.74796304337601	18.1205942304533	2562
596	597	1.0	[194]	CCTCTATCGCTCGGTACAGCGTTA	4	-1.22757135696841	17.6211161316417	2366
597	598	1.0	[194]	CCTCTATCGTGTTCTAATAGCGAC	3	0.8957731620346729	0.7066745308160821	859
599	600	1.0	[194]	CGAACTTAAACGCTTACGAACTTA	1	-11.8378246397912	-17.0444679951712	2354
600	601	2.0	[117, 194]	CGAACTTAAAGAGATCAAGGACAC	1	-21.271619158228898	-4.77141704231351	2600
601	602	3.0	[194, 195, 214]	CGAACTTAAAGAGATCGAGTTAGC	4	-4.12240899958386	11.844663371544199	2752
603	604	1.0	[194]	CGAACTTAACAAGCTAAGGCTAAC	1	-21.187572882365302	-1.8936765583526	2055
604	605	1.0	[230]	CGAACTTAAGCAGGAAAGTGGTCA	4	-2.95853455977914	12.889041490466099	2694
605	606	1.0	[194]	CGAACTTAATTGAGGAAAGGACAC	1	-15.7891813498631	-4.61029005234767	1872
609	610	3.0	[194, 195, 214]	CGAACTTAGGAGAACAAAGGTACA	4	0.526965367925892	13.485423689067302	3067
610	611	2.0	[83, 194]	CGAACTTATCTTCACACAGATCTG	1	-8.30865381401713	-17.141465447623	2907
612	613	4.0	[48, 194, 195, 214]	CGACACACACGCTCGAACTATGCA	4	-2.09525351971197	15.339263434329999	2491
613	614	2.0	[105, 194]	CGACACACAGATGTACCACCTTAC	1	-11.992695962702902	-3.12757337532371	1262
615	616	4.0	[48, 194, 195, 214]	CGACACACCCAGTTCATGAAGAGA	3	9.5737130402867	17.777170282700602	2222
616	617	3.0	[194, 195, 214]	CGACACACGTACGCAAACACAGAA	5	-1.07633010323533	26.7259925316672	1214
617	618	3.0	[194, 195, 214]	CGACACACTGGAACAACCATCCTC	3	3.3955550065402402	-1.4245791657842999	4721
618	619	4.0	[48, 194, 195, 214]	CGACACACTGGCTTCACGGATTGC	3	2.9379914557668103	-2.35798563853343	4854
620	621	2.0	[83, 194]	CGACTGGAAAGGTACAGCCAAGAC	1	-16.6849110899594	-5.17916610373349	2099
623	624	4.0	[163, 194, 195, 214]	CGACTGGATGGAACAATGAAGAGA	3	3.26843566156832	13.085787810822401	3385
624	625	2.0	[83, 194]	CGACTGGATGGCTTCAACCACTGT	1	-12.337010242892802	-19.1638420183264	3054
626	627	3.0	[194, 195, 214]	CGCATACAAAACATCGTGGCTTCA	5	-0.185363649614763	26.9985007569242	2146
628	629	1.0	[194]	CGCATACAAGTGGTCAATCATTCC	1	-21.837499480012003	-1.9732401806902	1883
630	631	3.0	[194, 195, 214]	CGCATACACCTCTATCAATGTTGC	3	7.77390167915924	11.9979654748814	3494
631	632	4.0	[165, 194, 195, 214]	CGCATACAGAGTTAGCCACCTTAC	5	-0.402673075230645	29.204161632403196	1160
634	635	3.0	[83, 164, 194]	CGCTGATCACACGACCCGACACAC	1	-15.821661239354901	-5.15600622457523	1855
635	636	2.0	[189, 194]	CGCTGATCAGTCACTAATAGCGAC	1	-16.5689473727071	-3.7141978641199795	1486
636	637	1.0	[194]	CGCTGATCAGTGGTCAAACGTGAT	1	-24.3037165509089	-1.2530848046436	2627
638	639	1.0	[194]	CGCTGATCCCAGTTCACCGTGAGA	1	-16.588138802506197	-14.9308252203411	2602
639	640	1.0	[48]	CGCTGATCCGAACTTAAGATCGCA	5	4.614451778912191	21.9171994693119	3217
641	642	3.0	[194, 195, 214]	CGCTGATCTTCACGCAACATTGGC	3	2.5593128585177003	7.499119390182639	3407
642	643	4.0	[188, 194, 195, 214]	CGGATTGCAAACATCGCAGCGTTA	3	10.3965596615801	16.957090943794903	3703
643	644	3.0	[194, 195, 214]	CGGATTGCACAGATTCTCTTCACA	5	1.1636318080026498	27.4139365843018	2197
644	645	2.0	[83, 194]	CGGATTGCACCACTGTATGCCTAA	1	-13.648644295401	-11.6294550689855	2051
645	646	2.0	[83, 194]	CGGATTGCACCACTGTCCGAAGTA	1	-17.1348455423523	-11.418740978401502	2316
647	648	1.0	[194]	CGGATTGCCAATGGAACGCTGATC	1	-11.2048958439042	-11.8213541716675	1943
649	650	2.0	[83, 194]	CGGATTGCCCGACAACCATCAAGT	1	-10.2504421438105	-16.552833531331302	2659
650	651	3.0	[194, 195, 214]	CGGATTGCCGACACACCTGGCATA	3	2.80192225617458	5.77110818804723	3150
652	653	2.0	[83, 194]	CGGATTGCTGGCTTCACCATCCTC	1	-21.653756001054898	-2.76877867492858	1765
654	655	1.0	[214]	CTAAGGTCAACGTGATACAGATTC	3	4.32957978031836	10.8162811017887	987
655	656	1.0	[194]	CTAAGGTCAACTCACCCCGAAGTA	1	-14.722609554871699	-6.929136560505951	1727
656	657	1.0	[194]	CTAAGGTCAAGGACACGACAGTGC	1	-14.3391301118524	0.25924994350971803	980
657	658	2.0	[119, 194]	CTAAGGTCACCACTGTGCCACATA	1	-16.336491316833197	-4.552678095303611	1850
658	659	2.0	[194, 195]	CTAAGGTCACTATGCAGATAGACA	3	-4.06099343376303	10.2353592680823	1106
659	660	1.0	[194]	CTAAGGTCAGCAGGAAACTATGCA	1	-15.191443957446001	-6.22786300211501	1858
660	661	4.0	[137, 194, 195, 214]	CTAAGGTCAGTCACTAGTCGTAGA	3	3.50453024615592	-1.23329857772025	4338
661	662	3.0	[194, 195, 214]	CTAAGGTCATCATTCCGCCACATA	3	-2.69514781187096	9.97749985344531	2924
662	663	3.0	[83, 161, 194]	CTAAGGTCATCCTGTAGAATCTGA	1	-21.9175021710034	-5.94680229982555	2051
663	664	4.0	[147, 194, 195, 214]	CTAAGGTCCAAGACTAAACTCACC	5	5.2706853349892	25.7968407931846	3308
666	667	5.0	[48, 99, 194, 195, 214]	CTAAGGTCCCAGTTCAACAAGCTA	3	2.81373186690973	9.30192999804206	3282
667	668	2.0	[83, 194]	CTAAGGTCCCGAAGTACCTCCTGA	1	-17.380337611391898	-2.87905189288203	1443
668	669	1.0	[194]	CTAAGGTCCTAAGGTCACAGATTC	1	-14.836236605499899	-15.022063631029301	2374
669	670	2.0	[83, 194]	CTCAATGAAAGGTACAAACGCTTA	1	-9.83931596215419	-14.1175300045801	2346
670	671	3.0	[194, 195, 214]	CTCAATGAACAAGCTACAAGGAGC	3	7.29598755747384	7.53904724290308	3816
671	672	3.0	[194, 195, 214]	CTCAATGAATAGCGACACGCTCGA	4	-7.002266809163769	16.118817016955198	936
672	673	2.0	[83, 194]	CTCAATGACACTTCGAAATCCGTC	1	-15.925735331565699	-13.828477231910698	2124
673	674	1.0	[194]	CTCAATGACATACCAACCAGTTCA	1	-18.2380130444683	-12.4572316778028	2273
674	675	3.0	[194, 195, 214]	CTCAATGAGACTAGTAAGATCGCA	4	-5.9275098653881395	14.613241802730698	2107
675	676	2.0	[92, 227]	CTCAATGAGATAGACACAACCACA	2	15.002443715234099	-5.5170846360726395	1079
677	678	1.0	[194]	CTCAATGATATCAGCAGCGAGTAA	1	-12.3999990470459	-12.9386691660764	2022
678	679	4.0	[6, 194, 195, 214]	CTCAATGATCCGTCTACAGATCTG	5	3.45000273310816	28.6134299507622	2828
679	680	1.0	[201]	CTGAGCCAAAACATCGCCAGTTCA	3	9.53562257881175	17.8668105293813	2243
680	681	3.0	[5, 177, 195]	CTGAGCCAAACGTGATCGGATTGC	3	6.005376437162581	4.13165033163627	3814
681	682	2.0	[42, 194]	CTGAGCCAAAGAGATCACCTCCAA	1	-22.8428794467267	-3.25764907055722	1661
686	687	5.0	[26, 172, 194, 195, 214]	CTGAGCCACCGTGAGAACGTATCA	5	3.4618882075214303	25.7948165829463	2565
689	690	3.0	[194, 195, 214]	CTGAGCCATAGGATGAACAGATTC	4	-3.49347356478964	16.9220130339008	2655
690	691	1.0	[194]	CTGAGCCATGGCTTCACAACCACA	1	-11.3922165555004	-11.0189572162943	1985
691	692	3.0	[194, 195, 214]	CTGGCATAAATCCGTCCAGCGTTA	4	-7.64965161581947	17.0688387756784	1064
692	693	2.0	[194, 195]	CTGGCATAACAGATTCAAGGACAC	4	-0.529022960043308	15.037925677927001	2921
695	696	1.0	[194]	CTGGCATACCATCCTCACCACTGT	2	14.486188340529699	-3.51438783647293	1043
696	697	2.0	[83, 194]	CTGGCATAGAGCTGAAAACGTGAT	1	-14.2502595651015	-14.039329972195402	2059
697	698	1.0	[194]	CTGGCATAGTACGCAATATCAGCA	1	-20.8580415760903	-3.75171522844823	1845
698	699	3.0	[125, 188, 194]	CTGGCATATGGAACAAACCTCCAA	1	-22.4374782417445	-2.3271217873040695	2105
699	700	1.0	[194]	CTGTAGCCAAGAGATCAAGACGGA	1	-18.9361396442089	-7.70747640486183	1474
700	701	4.0	[48, 194, 195, 214]	CTGTAGCCCAACCACAACATTGGC	4	-3.4315363779012698	13.549927746241	2638
702	703	3.0	[194, 195, 214]	CTGTAGCCCAAGGAGCGGTGCGAA	3	2.9030060375258304	5.66130337487593	3610
704	705	4.0	[194, 195, 214, 216]	CTGTAGCCCGGATTGCACACAGAA	5	4.92641237037056	26.34162704464	3295
705	706	1.0	[194]	GAACAGGCAACGTGATCTGGCATA	1	-20.0256520120601	-8.95353577973382	1661
706	707	3.0	[194, 195, 214]	GAACAGGCACGCTCGAAAGGTACA	3	5.056628469252559	0.586333528995698	3987
708	709	1.0	[194]	GAACAGGCATTGGCTCAGCCATGC	1	-16.928306161559	-12.746594114068301	2194
709	710	1.0	[194]	GAACAGGCCGCATACATGGAACAA	1	-19.991217086943102	-3.4745148708265297	1692
710	711	2.0	[194, 195]	GAACAGGCCTGAGCCAACACAGAA	3	6.325475541487241	4.97802736346221	3739
711	712	1.0	[98]	GAACAGGCCTGAGCCAACCACTGT	2	9.46966247258741	-2.03068223974866	838
712	713	2.0	[48, 194]	GAATCTGAAAACATCGAAGACGGA	1	-11.8663996535086	-8.31061753082771	1570
714	715	5.0	[38, 185, 194, 195, 214]	GAATCTGAACAAGCTAAGATGTAC	3	4.711256451712599	6.03414560970235	3788
715	716	2.0	[194, 233]	GAATCTGACACTTCGAGAATCTGA	1	-14.340888829404099	-3.6370728804153996	1576
716	717	3.0	[194, 195, 214]	GAATCTGACACTTCGAGATGAATC	3	0.214044488369666	8.58878190283252	3147
720	721	2.0	[83, 194]	GAATCTGACGACACACACAGCAGA	1	-20.6541566117954	-4.5620798069844595	2063
725	726	2.0	[48, 194]	GACAGTGCACAGCAGAACATTGGC	1	-18.4396217982567	-8.45261070487728	1531
726	727	5.0	[13, 27, 194, 195, 214]	GACAGTGCATCCTGTAGCCACATA	5	3.44790313570171	29.153885165204102	2942
727	728	1.0	[194]	GACAGTGCCATCAAGTGCCACATA	1	-18.4332683194637	-12.094931577641802	1976
728	729	4.0	[48, 194, 195, 214]	GACAGTGCCCTCTATCAGAGTCAA	3	9.695798519555039	10.1608790837185	4991
729	730	4.0	[91, 95, 96, 194]	GACAGTGCCGACACACCTGAGCCA	1	-18.805620886739103	-3.17189192366168	1896
730	731	2.0	[1, 194]	GACAGTGCCGACACACGGTGCGAA	1	-10.343057410124901	-14.6858901079255	2410
731	732	4.0	[194, 195, 197, 214]	GACAGTGCGAATCTGACATACCAA	3	7.447817974440239	11.1127216844025	3772
732	733	4.0	[48, 194, 195, 214]	GACAGTGCGTCTGTCAGAATCTGA	3	0.4306096572606721	9.12779059859538	3308
733	734	4.0	[76, 194, 195, 214]	GACAGTGCGTGTTCTAAATGTTGC	4	-2.4336192732454	14.8045535473311	2628
736	737	3.0	[194, 195, 214]	GACTAGTAAGCAGGAATATCAGCA	5	1.83173922673295	20.9302597057042	2628
737	738	2.0	[83, 194]	GACTAGTAAGCCATGCCACCTTAC	1	-12.3065658032499	-17.6894173483187	2543
738	739	3.0	[194, 195, 214]	GACTAGTAATCCTGTACATACCAA	4	-0.9119167231505859	14.2514890630371	2853
740	741	1.0	[194]	GACTAGTACACCTTACGAATCTGA	1	-19.4427016171454	-9.97890030320384	1599
743	744	1.0	[194]	GACTAGTAGGTGCGAAGTACGCAA	1	-15.355833417049599	-3.16555996828515	1504
744	745	2.0	[83, 194]	GACTAGTATAGGATGAAAGACGGA	1	-14.1718359180051	-14.4800297600234	2369
745	746	3.0	[194, 195, 214]	GACTAGTATGGAACAACTGGCATA	5	1.2384096487393301	25.7818087353539	2942
746	747	1.0	[63]	GAGCTGAAACAAGCTACAAGACTA	2	12.1213886327634	-3.09807883362289	1031
747	748	1.0	[194]	GAGCTGAACAAGGAGCCATACCAA	1	-17.287341553917802	-13.397086959968501	1993
748	749	1.0	[194]	GAGCTGAACAGCGTTACATACCAA	1	-16.7381564700909	-15.6281909464993	2464
749	750	2.0	[59, 194]	GAGCTGAACCAGTTCAGTACGCAA	1	-11.2722627533941	-12.1769569272171	1942
750	751	1.0	[48]	GAGCTGAACCTCTATCGACTAGTA	2	11.352482537489099	-7.735186517346441	927
751	752	2.0	[48, 194]	GAGCTGAAGCCAAGACACATTGGC	1	-12.4879381530407	-10.0943490781393	1752
753	754	5.0	[194, 195, 214, 244, 248]	GAGCTGAATCTTCACAGCCAAGAC	4	-3.65404049233134	18.379894101317802	2053
755	756	2.0	[194, 254]	GAGTTAGCACACAGAACCGAAGTA	1	-17.725058823209103	0.21494134962340103	1177
759	760	1.0	[194]	GAGTTAGCGCGAGTAAACACAGAA	1	-19.93821777554	-2.53849080754327	1504
761	762	3.0	[194, 195, 214]	GATAGACAACAGCAGAAGATGTAC	3	4.95258234304311	22.066921661122198	3388
762	763	2.0	[83, 194]	GATAGACAAGCACCTCGCTAACGA	1	-14.654687793609	-12.8593714545732	2118
763	764	3.0	[14, 48, 194]	GATAGACAAGTCACTAGAATCTGA	1	-20.6012142810769	-12.2293909032429	2182
765	766	4.0	[188, 194, 195, 214]	GATAGACACCAGTTCAAACGCTTA	5	6.74608175120477	25.8321831735295	3805
767	768	4.0	[5, 194, 195, 214]	GATAGACACCTCCTGAATAGCGAC	3	5.390465349855	8.522633457901161	3740
768	769	1.0	[194]	GATAGACACGGATTGCGAACAGGC	1	-21.8531962876281	-3.45889621961934	1942
771	772	3.0	[83, 194, 209]	GATGAATCACATTGGCCTGGCATA	1	-24.0632040210686	-1.5337174415911201	2475
772	773	3.0	[194, 195, 214]	GATGAATCACGTATCAGAGCTGAA	4	-2.24110721793814	14.612946967899198	2826
774	775	1.0	[217]	GATGAATCATAGCGACATCATTCC	2	11.654752987080801	-8.95129415435091	805
775	776	1.0	[83]	GATGAATCATTGGCTCCCTAATCC	1	-15.6544195202952	-3.4571480056559105	1449
776	777	3.0	[194, 195, 214]	GATGAATCCTAAGGTCCACCTTAC	5	6.12169132364089	25.8960133182406	3209
777	778	3.0	[194, 195, 214]	GATGAATCGACTAGTAATAGCGAC	4	-0.70234045114602	14.1015886398243	2941
778	779	3.0	[194, 195, 214]	GATGAATCGACTAGTATAGGATGA	4	-1.5263251740689499	16.328739248004197	2507
779	780	4.0	[48, 83, 145, 194]	GATGAATCGATGAATCCTGTAGCC	1	-11.8560874577249	-18.368267960588103	2634
780	781	3.0	[194, 195, 214]	GATGAATCGCCACATACCGACAAC	4	3.50699742610528	14.650482620464	3017
782	783	3.0	[194, 195, 214]	GATGAATCGTACGCAATATCAGCA	5	-1.3083639157551201	26.45185669738	1498
783	784	3.0	[194, 195, 214]	GATGAATCGTCTGTCACGCATACA	4	-3.957416825313	15.7754281777441	2089
784	785	1.0	[220]	GATGAATCTAGGATGACCTCTATC	2	8.971153863618971	-10.7213836965824	1059
785	786	1.0	[194]	GATGAATCTCTTCACATCTTCACA	4	-8.593851364522639	15.1154864343734	870
786	787	1.0	[194]	GCCAAGACAACGTGATAAGAGATC	1	-11.917097591826401	-13.3488228817244	2178
787	788	2.0	[86, 194]	GCCAAGACAACGTGATTTCACGCA	1	-11.9646937171151	-13.2225167554334	2013
788	789	3.0	[194, 195, 214]	GCCAAGACACGCTCGAATCATTCC	3	6.82031538223302	5.21218208810285	3932
789	790	4.0	[48, 194, 195, 214]	GCCAAGACACGTATCAGCTAACGA	3	9.59723312595612	16.575373409118303	2715
790	791	1.0	[194]	GCCAAGACAGCAGGAAAGTGGTCA	1	-15.9489686605091	0.997716243004069	1714
792	793	4.0	[144, 194, 195, 214]	GCCAAGACCCGAAGTAATTGAGGA	4	3.63576483342099	16.8887611802819	2999
794	795	5.0	[124, 194, 195, 208, 214]	GCCAAGACGAGCTGAACTGTAGCC	3	-1.09484085179487	10.385724777661698	2984
795	796	3.0	[130, 194, 200]	GCCAAGACGAGTTAGCAGAGTCAA	1	-10.717778000529801	-4.1700770791135495	1246
796	797	3.0	[194, 195, 214]	GCCAAGACGATGAATCGTCTGTCA	4	-1.68864915133168	11.740093915429599	3081
797	798	1.0	[17]	GCCAAGACGATGAATCTGGTGGTA	4	-4.922090044368059	15.2194289631778	2401
803	804	1.0	[194]	GCCACATATCCGTCTAACGTATCA	1	-6.15540404679648	-12.879665098719	2795
804	805	3.0	[194, 195, 214]	GCCACATATGGCTTCATCTTCACA	4	-0.656423011942718	13.2806746710827	3000
805	806	3.0	[194, 195, 214]	GCGAGTAAAACGCTTATGGAACAA	3	6.11176340734578	4.75010271359187	3382
807	808	1.0	[194]	GCGAGTAAAAGGACACCTGAGCCA	1	-21.783980388569198	-8.31059335596958	2013
808	809	3.0	[194, 195, 214]	GCGAGTAAACACGACCAGCCATGC	4	-4.5066242391677696	13.436680874876	2225
809	810	3.0	[194, 195, 214]	GCGAGTAAAGATGTACGAGTTAGC	3	-1.0706986320127	10.3107956463789	3089
810	811	2.0	[194, 195]	GCGAGTAAATAGCGACCCGAAGTA	5	3.09148856263645	27.297226634559003	2932
812	813	3.0	[194, 195, 214]	GCGAGTAAGACAGTGCAGATGTAC	5	4.41003325597512	26.175282322199102	2553
813	814	1.0	[195]	GCGAGTAAGCTAACGAGCCAAGAC	4	3.06283173404054	14.250892414546302	3012
816	817	2.0	[89, 194]	GCTAACGAAAGACGGACGACACAC	1	-18.7989387978177	-1.4438870258554302	1483
817	818	2.0	[83, 194]	GCTAACGAAAGGTACAAACGTGAT	1	-20.0652061454412	-7.12370856909037	1408
818	819	3.0	[194, 195, 214]	GCTAACGAACCACTGTTAGGATGA	3	4.32977002732569	4.9219286957438495	3623
819	820	1.0	[217]	GCTAACGAATCATTCCCGCTGATC	6	26.108242548611997	-10.7154230660719	953
820	821	2.0	[178, 194]	GCTAACGACCTAATCCAGTACAAG	1	-20.4016847444118	-10.0904443496337	1505
821	822	1.0	[25]	GCTAACGACCTCCTGATATCAGCA	6	27.6229497364109	-11.6692273475377	860
822	823	3.0	[194, 195, 214]	GCTAACGACGACACACATCATTCC	3	6.3570085321477805	5.461074848725341	3567
823	824	2.0	[83, 194]	GCTAACGACGCTGATCAGGCTAAC	1	-16.3393006859184	-3.5028823090410603	1659
825	826	1.0	[194]	GCTAACGACTAAGGTCAACCGAGA	1	-10.4716632343591	-10.6114149293766	2008
826	827	1.0	[194]	GCTAACGAGACAGTGCAGCACCTC	1	-11.003296014867699	-5.96189598511143	1414
827	828	2.0	[45, 194]	GCTAACGAGACAGTGCGATAGACA	1	-11.8134612433323	-6.254355807561059	1658
828	829	1.0	[194]	GCTCGGTAACATTGGCTCCGTCTA	1	-16.5186873970346	-2.8191248765003403	1281
829	830	3.0	[194, 195, 214]	GCTCGGTAACCACTGTTCCGTCTA	3	11.1024224099478	16.7725637979828	4568
830	831	1.0	[194]	GCTCGGTAAGTCACTAAACTCACC	1	-19.3427943879719	-11.2875889776959	1875
831	832	1.0	[194]	GCTCGGTAATTGAGGAATTGAGGA	1	-20.4576410706437	-7.23968214956538	1780
832	833	2.0	[194, 195]	GCTCGGTAATTGGCTCGCCACATA	3	4.8836797418949995	2.15101862212867	4117
833	834	3.0	[194, 195, 214]	GCTCGGTACCGACAACGAACAGGC	4	2.16070963564158	15.4107880803752	2915
834	835	4.0	[48, 194, 195, 214]	GCTCGGTACCGACAACTGAAGAGA	4	2.3525791861471403	14.559900095704998	3151
835	836	1.0	[194]	GCTCGGTAGAATCTGACCTCTATC	1	-20.5105167445845	-14.725748071984999	1237
837	838	2.0	[47, 194]	GCTCGGTAGATGAATCGTACGCAA	1	-15.121577836468802	-16.992364964867402	3112
839	840	1.0	[111]	GGAGAACAACAGATTCGAACAGGC	6	28.4610666842561	-9.557041020500439	946
841	842	2.0	[83, 194]	GGAGAACAAGAGTCAAATGCCTAA	1	-15.3965939506867	-13.413916289971098	2256
842	843	3.0	[194, 195, 214]	GGAGAACAAGATCGCAACGTATCA	4	-0.8484968206247651	19.180262792945	2856
845	846	1.0	[194]	GGAGAACAATGCCTAAACACGACC	1	-14.1174722264402	-6.28047887295046	1797
847	848	3.0	[55, 83, 194]	GGAGAACACCATCCTCTGAAGAGA	1	-16.3449601906258	0.117449109749601	1216
848	849	1.0	[194]	GGAGAACATAGGATGATGAAGAGA	1	-18.9276967189017	-5.31163487059775	1895
849	850	4.0	[48, 194, 195, 214]	GGAGAACATGGTGGTACCATCCTC	3	5.356544237408	1.17677156272181	3934
850	851	2.0	[194, 195]	GGTGCGAAACAAGCTAAAGGTACA	4	-0.36443173580599303	18.118386740982398	2610
851	852	3.0	[194, 195, 214]	GGTGCGAAACAAGCTAATCCTGTA	3	5.405202370095941	-0.25026721366164395	4313
852	853	2.0	[44, 194]	GGTGCGAAACCTCCAACTCAATGA	1	-8.51245592315812	-17.9519913428849	3032
853	854	3.0	[194, 195, 214]	GGTGCGAACACTTCGATCCGTCTA	5	3.09168851555799	21.1026231502975	2752
854	855	6.0	[106, 152, 194, 195, 198, 214]	GGTGCGAACATACCAACAAGACTA	3	-0.9816034144169709	10.2122564055074	3043
857	858	2.0	[194, 242]	GGTGCGAACTCAATGAGGTGCGAA	1	-11.908534444729199	-15.3462972951969	2433
858	859	5.0	[5, 194, 195, 214, 259]	GGTGCGAATGGCTTCACAGCGTTA	5	3.4245595803219504	27.5770796942708	2755
859	860	1.0	[194]	GTACGCAAAGGCTAACAATCCGTC	1	-6.81738242265921	-6.90343662163257	1864
860	861	4.0	[27, 194, 195, 214]	GTACGCAAAGGCTAACCTCAATGA	3	6.54327377560107	7.93644555703135	3564
861	862	5.0	[34, 60, 194, 195, 214]	GTACGCAACACCTTACGGTGCGAA	3	9.67684057095552	17.641271064147602	2801
862	863	3.0	[194, 195, 214]	GTACGCAACACCTTACGTCGTAGA	3	8.58287997467846	12.0668566589048	3375
863	864	4.0	[36, 194, 195, 214]	GTACGCAAGCCACATAGTCGTAGA	4	1.5319518008433601	15.0714081853055	2999
866	867	1.0	[179]	GTCGTAGACCGTGAGAAGCAGGAA	4	-2.42569240384987	16.729709886208802	2406
867	868	1.0	[194]	GTCGTAGAGACAGTGCCGCATACA	1	-11.740102720967698	-12.6998091500892	1899
868	869	1.0	[194]	GTCGTAGAGAGTTAGCAAGACGGA	1	-17.772978382081302	-6.62022911857554	1730
869	870	1.0	[194]	GTCGTAGAGCCACATACACCTTAC	1	-11.7643668888463	-17.363799005790302	2497
870	871	1.0	[194]	GTCGTAGAGTCGTAGAACACAGAA	1	-10.6811768753377	-12.9253029421402	2067
872	873	1.0	[194]	GTCTGTCAAGTCACTAAATCCGTC	1	-10.6485057037465	-5.400665003466701	1232
873	874	2.0	[35, 194]	GTCTGTCAATTGAGGAAGTCACTA	1	-21.247677823373103	-7.376591645743781	1642
874	875	4.0	[194, 195, 214, 259]	GTCTGTCACTGAGCCAGAACAGGC	5	-0.542959022405147	26.9576493595758	1997
875	876	3.0	[83, 150, 194]	GTCTGTCACTGAGCCATATCAGCA	1	-11.4724864623859	-17.0900429450094	2551
876	877	2.0	[189, 194]	GTCTGTCACTGTAGCCTTCACGCA	1	-13.5179378024614	-18.9969929732544	2290
877	878	4.0	[129, 194, 195, 214]	GTCTGTCAGACTAGTAAAGGTACA	4	-2.8027990505093396	13.8960055687475	2524
878	879	1.0	[158]	GTCTGTCATCTTCACAGTCTGTCA	3	7.327601000497	7.80602528323914	3841
879	880	3.0	[194, 195, 214]	GTGTTCTAAAGGTACAGGTGCGAA	4	-7.483860902314349	16.961205803012902	975
881	882	1.0	[194]	GTGTTCTAATCATTCCACACAGAA	1	-16.8073433087622	-9.64506074212861	2091
883	884	3.0	[194, 195, 214]	GTGTTCTACAACCACAAACCGAGA	5	3.7679422791787602	27.5787533017352	2878
884	885	3.0	[83, 184, 194]	GTGTTCTACAAGACTAAAGGACAC	1	-20.5227138890845	-2.85041853886946	1563
885	886	1.0	[194]	GTGTTCTACACCTTACAGCAGGAA	1	-19.998912713720003	-5.07832688562746	1904
887	888	1.0	[194]	GTGTTCTACGACACACGAATCTGA	1	-14.5912792177245	-3.8251855283000804	1363
888	889	3.0	[53, 161, 194]	GTGTTCTACGCTGATCACCACTGT	1	-14.330798391287	-12.9636333658854	2408
892	893	1.0	[85]	TAGGATGACGGATTGCAATGTTGC	6	28.379764441367396	-7.431427632804411	875
893	894	2.0	[83, 194]	TAGGATGACTGAGCCAGTGTTCTA	1	-7.92868282431159	-15.8366703430789	2776
895	896	4.0	[48, 194, 195, 214]	TAGGATGATGGCTTCAAGTGGTCA	5	6.202498451885299	26.4334696465738	3193
896	897	4.0	[11, 194, 195, 214]	TAGGATGATGGTGGTAAACGCTTA	4	-2.26139305680071	13.2374498738517	2998
898	899	2.0	[22, 223]	TATCAGCAAGATGTACGCCAAGAC	4	-6.31388826944229	16.0792480168712	884
899	900	3.0	[194, 195, 214]	TATCAGCACAACCACAACAAGCTA	4	-4.9174357108130895	15.1504681763854	2630
900	901	3.0	[43, 48, 190]	TATCAGCACAAGACTAAATCCGTC	3	4.90623623126972	1.2568350100788999	4065
901	902	1.0	[194]	TATCAGCACAGATCTGGTGTTCTA	1	-24.2077248217649	-2.6227980491504197	2520
902	903	1.0	[194]	TATCAGCAGACTAGTAACACAGAA	1	-22.8978731978668	-7.82872149005005	1502
904	905	1.0	[194]	TCCGTCTAAACGCTTAGTACGCAA	1	-12.6643908192327	-17.2750363465459	2455
905	906	1.0	[194]	TCCGTCTAACACAGAAACGTATCA	1	-14.574014891266598	-5.81245070724399	1393
906	907	3.0	[194, 195, 214]	TCCGTCTAACAGCAGAATAGCGAC	5	0.579574409255213	27.1260348059303	2102
907	908	1.0	[194]	TCCGTCTAACCTCCAAACGTATCA	1	-13.6627624209479	-16.5404105332764	2146
908	909	3.0	[194, 195, 214]	TCCGTCTAAGAGTCAAGTCGTAGA	4	3.55570402763335	16.9031596545684	2666
909	910	3.0	[83, 113, 194]	TCCGTCTAAGATCGCAAAGACGGA	1	-14.2373181148026	-0.623319514879838	1011
911	912	1.0	[118]	TCCGTCTAGACAGTGCCTGAGCCA	4	-5.68971935786778	14.6249617640963	1695
912	913	4.0	[194, 195, 214, 258]	TCCGTCTAGACAGTGCGCTCGGTA	3	1.05530379913636	10.872054062021	3297
914	915	3.0	[194, 195, 214]	TCTTCACAAAGGACACTAGGATGA	3	5.46047844685189	5.913075484850579	3786
915	916	6.0	[58, 59, 194, 195, 214, 232]	TCTTCACAACAAGCTAACACAGAA	3	2.08704641843319	7.3407108588315495	3500
916	917	6.0	[48, 61, 80, 161, 194, 195]	TCTTCACAACACGACCGAACAGGC	3	2.2082451739694102	9.88042656127947	3521
917	918	1.0	[194]	TCTTCACAACGTATCAATGCCTAA	1	-14.689963902830998	-5.7626174929483	1403
918	919	3.0	[194, 195, 214]	TCTTCACAATGCCTAAATCATTCC	4	-4.09931990980162	16.126347655453998	2339
921	922	2.0	[83, 194]	TCTTCACACCAGTTCAACGTATCA	1	-13.468412153245001	-15.393283753166699	2313
922	923	3.0	[83, 194, 247]	TCTTCACACCTAATCCCAATGGAA	1	-11.7620097742311	-8.74072828477008	1630
924	925	2.0	[194, 251]	TCTTCACACGCTGATCACCACTGT	1	-17.6728994218275	-6.52396074936756	1418
925	926	3.0	[194, 195, 214]	TCTTCACACTAAGGTCGAGCTGAA	4	-9.05218094781348	14.868228874057698	1268
926	927	3.0	[194, 195, 214]	TCTTCACACTGAGCCACATCAAGT	3	1.7689660795592401	8.460101125472981	3416
927	928	1.0	[215]	TCTTCACAGAGCTGAACACTTCGA	6	28.869425324977	-10.426969909879901	809
928	929	3.0	[27, 194, 219]	TCTTCACAGCCACATACATACCAA	1	-10.443239020702599	-11.339996780355198	2116
929	930	1.0	[194]	TGAAGAGAAAACATCGGATGAATC	1	-13.3940583612482	-17.133071567584	2375
930	931	3.0	[194, 195, 214]	TGAAGAGAAAGACGGAATAGCGAC	3	2.73774768790954	6.81870624020274	3155
931	932	3.0	[194, 195, 214]	TGAAGAGAATAGCGACAGAGTCAA	5	0.38165990955090595	26.958276078671602	2227
932	933	4.0	[194, 195, 214, 229]	TGAAGAGACAATGGAACACTTCGA	3	7.301613459681031	6.998109673513711	3510
933	934	1.0	[194]	TGAAGAGACGCATACAAAGAGATC	1	-20.6103683691955	-7.71965773110532	1802
934	935	1.0	[194]	TGAAGAGACGGATTGCATTGAGGA	1	-9.57987083619209	-14.8594021682101	2453
936	937	1.0	[79]	TGAAGAGAGAGCTGAATATCAGCA	4	-9.484741681876539	14.1730144079827	1075
937	938	3.0	[47, 194, 225]	TGAAGAGAGATGAATCTTCACGCA	1	-10.144495340508099	-13.5026779146876	2303
939	940	2.0	[194, 252]	TGAAGAGAGGAGAACAGCCAAGAC	6	28.951062349277702	-12.0525774857994	970
940	941	1.0	[222]	TGAAGAGATGGAACAACAACCACA	2	11.546000605862998	-3.40007302850446	878
943	944	1.0	[194]	TGGAACAAAACGCTTAACACAGAA	1	-23.0056220486655	-5.71013913415537	1865
946	947	2.0	[7, 29]	TGGAACAAAGATGTACACCTCCAA	6	27.7345137215865	-11.134461989138998	784
950	951	2.0	[19, 194]	TGGAACAACTGGCATAATCATTCC	1	-8.18248212416288	-15.875051307720002	2851
953	954	1.0	[194]	TGGAACAAGTACGCAAAACTCACC	1	-7.163415723803281	-16.120431283342302	3807
954	955	1.0	[12]	TGGAACAATAGGATGACGAACTTA	2	12.3735665304716	-3.0790663899083195	913
956	957	4.0	[194, 195, 214, 232]	TGGCTTCAACCTCCAAAGCCATGC	3	3.8063572915730095	4.4776429808327505	3706
957	958	3.0	[194, 195, 214]	TGGCTTCAAGATCGCACCGAAGTA	5	0.294343445081809	26.811932415178298	2147
958	959	3.0	[194, 195, 214]	TGGCTTCAAGCCATGCGAGCTGAA	4	-5.32419590076212	17.1695254528375	1679
960	961	3.0	[83, 194, 236]	TGGCTTCACCAGTTCAAGGCTAAC	1	-14.9436934799872	-10.033926860573901	1960
961	962	2.0	[194, 195]	TGGCTTCAGTCGTAGACACCTTAC	5	5.86028160521225	25.937696195200896	3384
962	963	4.0	[48, 194, 195, 214]	TGGCTTCATTCACGCAACGCTCGA	1	-1.04986192837021	-13.3872638190063	3777
963	964	5.0	[16, 21, 194, 195, 214]	TGGTGGTAAGATGTACCGACACAC	4	-0.755710548743	16.9542001828355	2434
964	965	1.0	[194]	TGGTGGTAAGCAGGAACTGTAGCC	1	-21.8662573987944	-5.91884553578802	1801
965	966	3.0	[194, 195, 214]	TGGTGGTAAGTCACTATGGCTTCA	4	0.11939028335979301	15.4870878435092	2682
967	968	1.0	[194]	TGGTGGTACCTAATCCACAAGCTA	1	-16.292308235907498	-4.622859012102009	1561
968	969	4.0	[134, 194, 195, 214]	TGGTGGTACGACTGGAGCCACATA	5	3.6079086753980802	28.939956099234198	2625
969	970	4.0	[48, 83, 194, 257]	TGGTGGTACTGAGCCAGAATCTGA	1	-15.124996999149802	-4.4487722351815	1554
970	971	3.0	[194, 195, 214]	TGGTGGTAGCGAGTAACAACCACA	3	3.7790103821063297	13.527926879872998	3121
971	972	4.0	[28, 194, 195, 214]	TGGTGGTAGGAGAACACAATGGAA	3	4.24650195192381	14.115533624505401	3367
972	973	1.0	[194]	TTCACGCAAACAACCACCAGTTCA	1	-22.3329858189773	-4.64352423296642	2158
973	974	2.0	[154, 194]	TTCACGCAAAGGTACACTGTAGCC	1	-14.9244192268381	-5.91857450213801	1655
974	975	3.0	[168, 169, 194]	TTCACGCAAATGTTGCCTAAGGTC	1	-12.279274131396301	-4.99903739434417	1949
975	976	5.0	[48, 87, 194, 195, 214]	TTCACGCAACCTCCAAAATGTTGC	3	1.99485649625095	11.8516354596808	3299
976	977	1.0	[194]	TTCACGCACAACCACACATACCAA	1	-20.2447530232492	-1.7312279680574298	1522
977	978	1.0	[194]	TTCACGCACATCAAGTCCTCTATC	1	-15.0426801482182	-1.4298758428737801	1063
980	981	2.0	[83, 194]	TTCACGCACGACTGGACGCTGATC	1	-13.316802166911302	-12.8915048690696	2113
981	982	3.0	[194, 195, 214]	TTCACGCACGCTGATCCGACTGGA	4	1.5020920329786398	20.5071833072053	2499
982	983	1.0	[194]	TTCACGCATAGGATGAACGCTCGA	1	-19.5708847573825	-10.388948806087098	1909
983	984	3.0	[194, 195, 214]	TTCACGCATATCAGCACTCAATGA	4	-5.700194584975621	16.4076124906281	1072
